[
    {
        "id": "wall0",
        "class": "wall",
        "pose": {
            "position": [
                0.20334502793071912,
                0.9998429045520787,
                0.5
            ],
            "rotation": [
                [
                    0.9999963813183751,
                    0.0026902323607937953,
                    0.0
                ],
                [
                    -0.0026902323607937953,
                    0.9999963813183751,
                    0.0
                ],
                [
                    0.0,
                    0.0,
                    1.0
                ]
            ]
        },
        "vertices": [
            [
                0.6205707303110499,
                0.0005,
                0.5
            ],
            [
                0.6205707303110499,
                0.0005,
                -0.5
            ],
            [
                0.6205707303110499,
                -0.0005,
                0.5
            ],
            [
                0.6205707303110499,
                -0.0005,
                -0.5
            ],
            [
                -0.6205707303110499,
                0.0005,
                0.5
            ],
            [
                -0.6205707303110499,
                0.0005,
                -0.5
            ],
            [
                -0.6205707303110499,
                -0.0005,
                0.5
            ],
            [
                -0.6205707303110499,
                -0.0005,
                -0.5
            ]
        ],
        "obj_file": "wall0.obj"
    },
    {
        "id": "wall1",
        "class": "wall",
        "pose": {
            "position": [
                0.8216292371811789,
                0.6557855485330788,
                0.5
            ],
            "rotation": [
                [
                    -0.006925135311495718,
                    0.9999760209629617,
                    0.0
                ],
                [
                    -0.9999760209629617,
                    -0.006925135311495718,
                    0.0
                ],
                [
                    0.0,
                    0.0,
                    1.0
                ]
            ]
        },
        "vertices": [
            [
                0.3442539798445765,
                0.0005,
                0.5
            ],
            [
                0.3442539798445765,
                0.0005,
                -0.5
            ],
            [
                0.3442539798445765,
                -0.0005,
                0.5
            ],
            [
                0.3442539798445765,
                -0.0005,
                -0.5
            ],
            [
                -0.3442539798445765,
                0.0005,
                0.5
            ],
            [
                -0.3442539798445765,
                0.0005,
                -0.5
            ],
            [
                -0.3442539798445765,
                -0.0005,
                0.5
            ],
            [
                -0.3442539798445765,
                -0.0005,
                -0.5
            ]
        ],
        "obj_file": "wall1.obj"
    },
    {
        "id": "wall2",
        "class": "wall",
        "pose": {
            "position": [
                0.20400774887593354,
                0.3099609139037473,
                0.5
            ],
            "rotation": [
                [
                    -0.9999953563984525,
                    0.0030474877410851158,
                    0.0
                ],
                [
                    -0.0030474877410851158,
                    -0.9999953563984525,
                    0.0
                ],
                [
                    0.0,
                    0.0,
                    1.0
                ]
            ]
        },
        "vertices": [
            [
                0.6193349506511513,
                0.0005,
                0.5
            ],
            [
                0.6193349506511513,
                0.0005,
                -0.5
            ],
            [
                0.6193349506511513,
                -0.0005,
                0.5
            ],
            [
                0.6193349506511513,
                -0.0005,
                -0.5
            ],
            [
                -0.6193349506511513,
                0.0005,
                0.5
            ],
            [
                -0.6193349506511513,
                0.0005,
                -0.5
            ],
            [
                -0.6193349506511513,
                -0.0005,
                0.5
            ],
            [
                -0.6193349506511513,
                -0.0005,
                -0.5
            ]
        ],
        "obj_file": "wall2.obj"
    },
    {
        "id": "wall3",
        "class": "wall",
        "pose": {
            "position": [
                -0.41638294363412365,
                0.6558361097367499,
                0.5
            ],
            "rotation": [
                [
                    0.0005528004292502991,
                    -0.999999847205831,
                    0.0
                ],
                [
                    0.999999847205831,
                    0.0005528004292502991,
                    0.0
                ],
                [
                    0.0,
                    0.0,
                    1.0
                ]
            ]
        },
        "vertices": [
            [
                0.3447077641720735,
                0.0005,
                0.5
            ],
            [
                0.3447077641720735,
                0.0005,
                -0.5
            ],
            [
                0.3447077641720735,
                -0.0005,
                0.5
            ],
            [
                0.3447077641720735,
                -0.0005,
                -0.5
            ],
            [
                -0.3447077641720735,
                0.0005,
                0.5
            ],
            [
                -0.3447077641720735,
                0.0005,
                -0.5
            ],
            [
                -0.3447077641720735,
                -0.0005,
                0.5
            ],
            [
                -0.3447077641720735,
                -0.0005,
                -0.5
            ]
        ],
        "obj_file": "wall3.obj"
    },
    {
        "id": "wall4",
        "class": "wall",
        "pose": {
            "position": [
                -0.01611508651478874,
                0.2871292794046816,
                0.5
            ],
            "rotation": [
                [
                    0.9999998754886673,
                    0.0004990216928518375,
                    0.0
                ],
                [
                    -0.0004990216928518375,
                    0.9999998754886673,
                    0.0
                ],
                [
                    0.0,
                    0.0,
                    1.0
                ]
            ]
        },
        "vertices": [
            [
                0.4007841800564508,
                0.0005,
                0.5
            ],
            [
                0.4007841800564508,
                0.0005,
                -0.5
            ],
            [
                0.4007841800564508,
                -0.0005,
                0.5
            ],
            [
                0.4007841800564508,
                -0.0005,
                -0.5
            ],
            [
                -0.4007841800564508,
                0.0005,
                0.5
            ],
            [
                -0.4007841800564508,
                0.0005,
                -0.5
            ],
            [
                -0.4007841800564508,
                -0.0005,
                0.5
            ],
            [
                -0.4007841800564508,
                -0.0005,
                -0.5
            ]
        ],
        "obj_file": "wall4.obj"
    },
    {
        "id": "wall5",
        "class": "wall",
        "pose": {
            "position": [
                0.3842487318442367,
                -0.12409496123762934,
                0.5
            ],
            "rotation": [
                [
                    -0.0007920675117377465,
                    0.9999996863144792,
                    0.0
                ],
                [
                    -0.9999996863144792,
                    -0.0007920675117377465,
                    0.0
                ],
                [
                    0.0,
                    0.0,
                    1.0
                ]
            ]
        },
        "vertices": [
            [
                0.41063356239566634,
                0.0005,
                0.5
            ],
            [
                0.41063356239566634,
                0.0005,
                -0.5
            ],
            [
                0.41063356239566634,
                -0.0005,
                0.5
            ],
            [
                0.41063356239566634,
                -0.0005,
                -0.5
            ],
            [
                -0.41063356239566634,
                0.0005,
                0.5
            ],
            [
                -0.41063356239566634,
                0.0005,
                -0.5
            ],
            [
                -0.41063356239566634,
                -0.0005,
                0.5
            ],
            [
                -0.41063356239566634,
                -0.0005,
                -0.5
            ]
        ],
        "obj_file": "wall5.obj"
    },
    {
        "id": "wall6",
        "class": "wall",
        "pose": {
            "position": [
                -0.016274766978396,
                -0.5339858564358881,
                0.5
            ],
            "rotation": [
                [
                    -0.9999999878759808,
                    0.0001557178166505574,
                    0.0
                ],
                [
                    -0.0001557178166505574,
                    -0.9999999878759808,
                    0.0
                ],
                [
                    0.0,
                    0.0,
                    1.0
                ]
            ]
        },
        "vertices": [
            [
                0.4005581811178203,
                0.0005,
                0.5
            ],
            [
                0.4005581811178203,
                0.0005,
                -0.5
            ],
            [
                0.4005581811178203,
                -0.0005,
                0.5
            ],
            [
                0.4005581811178203,
                -0.0005,
                -0.5
            ],
            [
                -0.4005581811178203,
                0.0005,
                0.5
            ],
            [
                -0.4005581811178203,
                0.0005,
                -0.5
            ],
            [
                -0.4005581811178203,
                -0.0005,
                0.5
            ],
            [
                -0.4005581811178203,
                -0.0005,
                -0.5
            ]
        ],
        "obj_file": "wall6.obj"
    },
    {
        "id": "wall7",
        "class": "wall",
        "pose": {
            "position": [
                -0.4168531448234901,
                -0.12325062320818089,
                0.5
            ],
            "rotation": [
                [
                    -0.00031372206097289736,
                    -0.999999950789233,
                    0.0
                ],
                [
                    0.999999950789233,
                    -0.00031372206097289736,
                    0.0
                ],
                [
                    0.0,
                    0.0,
                    1.0
                ]
            ]
        },
        "vertices": [
            [
                0.41198887830594877,
                0.0005,
                0.5
            ],
            [
                0.41198887830594877,
                0.0005,
                -0.5
            ],
            [
                0.41198887830594877,
                -0.0005,
                0.5
            ],
            [
                0.41198887830594877,
                -0.0005,
                -0.5
            ],
            [
                -0.41198887830594877,
                0.0005,
                0.5
            ],
            [
                -0.41198887830594877,
                0.0005,
                -0.5
            ],
            [
                -0.41198887830594877,
                -0.0005,
                0.5
            ],
            [
                -0.41198887830594877,
                -0.0005,
                -0.5
            ]
        ],
        "obj_file": "wall7.obj"
    },
    {
        "id": "door1000",
        "class": "door",
        "pose": {
            "position": [
                -0.24607234912588738,
                0.3085892939533238,
                0.3105123980348247
            ],
            "rotation": [
                [
                    1.0,
                    -0.0,
                    0.0
                ],
                [
                    0.0,
                    1.0,
                    0.0
                ],
                [
                    0.0,
                    0.0,
                    1.0
                ]
            ]
        },
        "vertices": [
            [
                0.1479700674115241,
                0.0005,
                0.31069201174551214
            ],
            [
                0.1479700674115241,
                0.0005,
                -0.31069201174551214
            ],
            [
                0.1479700674115241,
                -0.0005,
                0.31069201174551214
            ],
            [
                0.1479700674115241,
                -0.0005,
                -0.31069201174551214
            ],
            [
                -0.1479700674115241,
                0.0005,
                0.31069201174551214
            ],
            [
                -0.1479700674115241,
                0.0005,
                -0.31069201174551214
            ],
            [
                -0.1479700674115241,
                -0.0005,
                0.31069201174551214
            ],
            [
                -0.1479700674115241,
                -0.0005,
                -0.31069201174551214
            ]
        ],
        "obj_file": "door1000.obj"
    },
    {
        "id": "door1001",
        "class": "door",
        "pose": {
            "position": [
                0.46619990257341704,
                0.9991357613031963,
                0.3053024982341824
            ],
            "rotation": [
                [
                    1.0,
                    -0.0,
                    0.0
                ],
                [
                    0.0,
                    1.0,
                    0.0
                ],
                [
                    0.0,
                    0.0,
                    1.0
                ]
            ]
        },
        "vertices": [
            [
                0.1376157491174117,
                0.0005,
                0.305124119561921
            ],
            [
                0.1376157491174117,
                0.0005,
                -0.305124119561921
            ],
            [
                0.1376157491174117,
                -0.0005,
                0.305124119561921
            ],
            [
                0.1376157491174117,
                -0.0005,
                -0.305124119561921
            ],
            [
                -0.1376157491174117,
                0.0005,
                0.305124119561921
            ],
            [
                -0.1376157491174117,
                0.0005,
                -0.305124119561921
            ],
            [
                -0.1376157491174117,
                -0.0005,
                0.305124119561921
            ],
            [
                -0.1376157491174117,
                -0.0005,
                -0.305124119561921
            ]
        ],
        "obj_file": "door1001.obj"
    },
    {
        "id": "door1002",
        "class": "door",
        "pose": {
            "position": [
                0.8209107003055478,
                0.5520302262918038,
                0.3021938234912048
            ],
            "rotation": [
                [
                    -0.006925135311495718,
                    0.9999760209629617,
                    0.0
                ],
                [
                    -0.9999760209629617,
                    -0.006925135311495718,
                    0.0
                ],
                [
                    0.0,
                    0.0,
                    1.0
                ]
            ]
        },
        "vertices": [
            [
                0.14552410197411955,
                0.0005,
                0.30214674119524143
            ],
            [
                0.14552410197411955,
                0.0005,
                -0.30214674119524143
            ],
            [
                0.14552410197411955,
                -0.0005,
                0.30214674119524143
            ],
            [
                0.14552410197411955,
                -0.0005,
                -0.30214674119524143
            ],
            [
                -0.14552410197411955,
                0.0005,
                0.30214674119524143
            ],
            [
                -0.14552410197411955,
                0.0005,
                -0.30214674119524143
            ],
            [
                -0.14552410197411955,
                -0.0005,
                0.30214674119524143
            ],
            [
                -0.14552410197411955,
                -0.0005,
                -0.30214674119524143
            ]
        ],
        "obj_file": "door1002.obj"
    },
    {
        "id": "window2000",
        "class": "window",
        "pose": {
            "position": [
                0.7215303795879031,
                0.9984488605055597,
                0.5042394823904823
            ],
            "rotation": [
                [
                    1.0,
                    -0.0,
                    0.0
                ],
                [
                    0.0,
                    1.0,
                    0.0
                ],
                [
                    0.0,
                    0.0,
                    1.0
                ]
            ]
        },
        "vertices": [
            [
                0.0820241197411971,
                0.0005,
                0.3255174115249117
            ],
            [
                0.0820241197411971,
                0.0005,
                -0.3255174115249117
            ],
            [
                0.0820241197411971,
                -0.0005,
                0.3255174115249117
            ],
            [
                0.0820241197411971,
                -0.0005,
                -0.3255174115249117
            ],
            [
                -0.0820241197411971,
                0.0005,
                0.3255174115249117
            ],
            [
                -0.0820241197411971,
                0.0005,
                -0.3255174115249117
            ],
            [
                -0.0820241197411971,
                -0.0005,
                0.3255174115249117
            ],
            [
                -0.0820241197411971,
                -0.0005,
                -0.3255174115249117
            ]
        ],
        "obj_file": "window2000.obj"
    },
    {
        "id": "window2001",
        "class": "window",
        "pose": {
            "position": [
                -0.41645610324509136,
                0.5234925081071533,
                0.4223482390482934
            ],
            "rotation": [
                [
                    0.0005528004292502991,
                    -0.999999847205831,
                    0.0
                ],
                [
                    0.999999847205831,
                    0.0005528004292502991,
                    0.0
                ],
                [
                    0.0,
                    0.0,
                    1.0
                ]
            ]
        },
        "vertices": [
            [
                0.1901974117450619,
                0.0005,
                0.3587416204692469
            ],
            [
                0.1901974117450619,
                0.0005,
                -0.3587416204692469
            ],
            [
                0.1901974117450619,
                -0.0005,
                0.3587416204692469
            ],
            [
                0.1901974117450619,
                -0.0005,
                -0.3587416204692469
            ],
            [
                -0.1901974117450619,
                0.0005,
                0.3587416204692469
            ],
            [
                -0.1901974117450619,
                0.0005,
                -0.3587416204692469
            ],
            [
                -0.1901974117450619,
                -0.0005,
                0.3587416204692469
            ],
            [
                -0.1901974117450619,
                -0.0005,
                -0.3587416204692469
            ]
        ],
        "obj_file": "window2001.obj"
    },
    {
        "id": "window2002",
        "class": "window",
        "pose": {
            "position": [
                -0.26423854933225993,
                -0.5340244688151529,
                0.6913923481298349
            ],
            "rotation": [
                [
                    1.0,
                    -0.0,
                    0.0
                ],
                [
                    0.0,
                    1.0,
                    0.0
                ],
                [
                    0.0,
                    0.0,
                    1.0
                ]
            ]
        },
        "vertices": [
            [
                0.0840147411746417,
                0.0005,
                0.1860911704741196
            ],
            [
                0.0840147411746417,
                0.0005,
                -0.1860911704741196
            ],
            [
                0.0840147411746417,
                -0.0005,
                0.1860911704741196
            ],
            [
                0.0840147411746417,
                -0.0005,
                -0.1860911704741196
            ],
            [
                -0.0840147411746417,
                0.0005,
                0.1860911704741196
            ],
            [
                -0.0840147411746417,
                0.0005,
                -0.1860911704741196
            ],
            [
                -0.0840147411746417,
                -0.0005,
                0.1860911704741196
            ],
            [
                -0.0840147411746417,
                -0.0005,
                -0.1860911704741196
            ]
        ],
        "obj_file": "window2002.obj"
    },
    {
        "id": "window2003",
        "class": "window",
        "pose": {
            "position": [
                -0.4168761787562522,
                -0.04982916359797768,
                0.5209482398230498
            ],
            "rotation": [
                [
                    -0.00031372206097289736,
                    -0.999999950789233,
                    0.0
                ],
                [
                    0.999999950789233,
                    -0.00031372206097289736,
                    0.0
                ],
                [
                    0.0,
                    0.0,
                    1.0
                ]
            ]
        },
        "vertices": [
            [
                0.3160197411952412,
                0.0005,
                0.4346174115241197
            ],
            [
                0.3160197411952412,
                0.0005,
                -0.4346174115241197
            ],
            [
                0.3160197411952412,
                -0.0005,
                0.4346174115241197
            ],
            [
                0.3160197411952412,
                -0.0005,
                -0.4346174115241197
            ],
            [
                -0.3160197411952412,
                0.0005,
                0.4346174115241197
            ],
            [
                -0.3160197411952412,
                0.0005,
                -0.4346174115241197
            ],
            [
                -0.3160197411952412,
                -0.0005,
                0.4346174115241197
            ],
            [
                -0.3160197411952412,
                -0.0005,
                -0.4346174115241197
            ]
        ],
        "obj_file": "window2003.obj"
    }
]