[
    {
        "id": "wallwall0",
        "class": "wall",
        "pose": {
            "position": [
                0.20334502793071912,
                0.9998429045520787,
                0.5
            ],
            "rotation": [
                [
                    0.9999963813183751,
                    0.0026902323607937953,
                    0.0
                ],
                [
                    -0.0026902323607937953,
                    0.9999963813183751,
                    0.0
                ],
                [
                    0.0,
                    0.0,
                    1.0
                ]
            ]
        },
        "scale": [
            1.2411414606220998,
            0.0,
            1.0
        ],
        "obj_file": "wall0.obj"
    },
    {
        "id": "wallwall1",
        "class": "wall",
        "pose": {
            "position": [
                0.8216292371811789,
                0.6557855485330788,
                0.5
            ],
            "rotation": [
                [
                    -0.006925135311495718,
                    0.9999760209629617,
                    0.0
                ],
                [
                    -0.9999760209629617,
                    -0.006925135311495718,
                    0.0
                ],
                [
                    0.0,
                    0.0,
                    1.0
                ]
            ]
        },
        "scale": [
            0.688507959689153,
            0.0,
            1.0
        ],
        "obj_file": "wall1.obj"
    },
    {
        "id": "wallwall2",
        "class": "wall",
        "pose": {
            "position": [
                0.20400774887593354,
                0.3099609139037473,
                0.5
            ],
            "rotation": [
                [
                    -0.9999953563984525,
                    0.0030474877410851158,
                    0.0
                ],
                [
                    -0.0030474877410851158,
                    -0.9999953563984525,
                    0.0
                ],
                [
                    0.0,
                    0.0,
                    1.0
                ]
            ]
        },
        "scale": [
            1.2386699013023026,
            0.0,
            1.0
        ],
        "obj_file": "wall2.obj"
    },
    {
        "id": "wallwall3",
        "class": "wall",
        "pose": {
            "position": [
                -0.41638294363412365,
                0.6558361097367499,
                0.5
            ],
            "rotation": [
                [
                    0.0005528004292502991,
                    -0.999999847205831,
                    0.0
                ],
                [
                    0.999999847205831,
                    0.0005528004292502991,
                    0.0
                ],
                [
                    0.0,
                    0.0,
                    1.0
                ]
            ]
        },
        "scale": [
            0.689415528344147,
            0.0,
            1.0
        ],
        "obj_file": "wall3.obj"
    },
    {
        "id": "wallwall4",
        "class": "wall",
        "pose": {
            "position": [
                -0.01611508651478874,
                0.2871292794046816,
                0.5
            ],
            "rotation": [
                [
                    0.9999998754886673,
                    0.0004990216928518375,
                    0.0
                ],
                [
                    -0.0004990216928518375,
                    0.9999998754886673,
                    0.0
                ],
                [
                    0.0,
                    0.0,
                    1.0
                ]
            ]
        },
        "scale": [
            0.8015683601129016,
            0.0,
            1.0
        ],
        "obj_file": "wall4.obj"
    },
    {
        "id": "wallwall5",
        "class": "wall",
        "pose": {
            "position": [
                0.3842487318442367,
                -0.12409496123762934,
                0.5
            ],
            "rotation": [
                [
                    -0.0007920675117377465,
                    0.9999996863144792,
                    0.0
                ],
                [
                    -0.9999996863144792,
                    -0.0007920675117377465,
                    0.0
                ],
                [
                    0.0,
                    0.0,
                    1.0
                ]
            ]
        },
        "scale": [
            0.8212671247913327,
            0.0,
            1.0
        ],
        "obj_file": "wall5.obj"
    },
    {
        "id": "wallwall6",
        "class": "wall",
        "pose": {
            "position": [
                -0.016274766978396,
                -0.5339858564358881,
                0.5
            ],
            "rotation": [
                [
                    -0.9999999878759808,
                    0.0001557178166505574,
                    0.0
                ],
                [
                    -0.0001557178166505574,
                    -0.9999999878759808,
                    0.0
                ],
                [
                    0.0,
                    0.0,
                    1.0
                ]
            ]
        },
        "scale": [
            0.8011163622356406,
            0.0,
            1.0
        ],
        "obj_file": "wall6.obj"
    },
    {
        "id": "wallwall7",
        "class": "wall",
        "pose": {
            "position": [
                -0.4168531448234901,
                -0.12325062320818089,
                0.5
            ],
            "rotation": [
                [
                    -0.00031372206097289736,
                    -0.999999950789233,
                    0.0
                ],
                [
                    0.999999950789233,
                    -0.00031372206097289736,
                    0.0
                ],
                [
                    0.0,
                    0.0,
                    1.0
                ]
            ]
        },
        "scale": [
            0.8239777566118975,
            0.0,
            1.0
        ],
        "obj_file": "wall7.obj"
    },
    {
        "id": "door1000",
        "class": "door",
        "pose": {
            "position": [
                -0.24607234912588738,
                0.3085892939533238,
                0.3105123980348247
            ],
            "rotation": [
                [
                    1.0,
                    -0.0,
                    0.0
                ],
                [
                    0.0,
                    1.0,
                    0.0
                ],
                [
                    0.0,
                    0.0,
                    1.0
                ]
            ]
        },
        "scale": [
            0.2959401348230482,
            0.001,
            0.6213840234910243
        ],
        "obj_file": "door1000.obj"
    },
    {
        "id": "door1001",
        "class": "door",
        "pose": {
            "position": [
                0.46619990257341704,
                0.9991357613031963,
                0.3053024982341824
            ],
            "rotation": [
                [
                    1.0,
                    -0.0,
                    0.0
                ],
                [
                    0.0,
                    1.0,
                    0.0
                ],
                [
                    0.0,
                    0.0,
                    1.0
                ]
            ]
        },
        "scale": [
            0.2752314982348234,
            0.001,
            0.610248239123842
        ],
        "obj_file": "door1001.obj"
    },
    {
        "id": "door1002",
        "class": "door",
        "pose": {
            "position": [
                0.8209107003055478,
                0.5520302262918038,
                0.3021938234912048
            ],
            "rotation": [
                [
                    -0.006925135311495718,
                    0.9999760209629617,
                    0.0
                ],
                [
                    -0.9999760209629617,
                    -0.006925135311495718,
                    0.0
                ],
                [
                    0.0,
                    0.0,
                    1.0
                ]
            ]
        },
        "scale": [
            0.2910482039482391,
            0.001,
            0.6042934823904829
        ],
        "obj_file": "door1002.obj"
    },
    {
        "id": "window2000",
        "class": "window",
        "pose": {
            "position": [
                0.7215303795879031,
                0.9984488605055597,
                0.5042394823904823
            ],
            "rotation": [
                [
                    1.0,
                    -0.0,
                    0.0
                ],
                [
                    0.0,
                    1.0,
                    0.0
                ],
                [
                    0.0,
                    0.0,
                    1.0
                ]
            ]
        },
        "scale": [
            0.1640482394823942,
            0.001,
            0.6510348230498234
        ],
        "obj_file": "window2000.obj"
    },
    {
        "id": "window2001",
        "class": "window",
        "pose": {
            "position": [
                -0.41645610324509136,
                0.5234925081071533,
                0.4223482390482934
            ],
            "rotation": [
                [
                    0.0005528004292502991,
                    -0.999999847205831,
                    0.0
                ],
                [
                    0.999999847205831,
                    0.0005528004292502991,
                    0.0
                ],
                [
                    0.0,
                    0.0,
                    1.0
                ]
            ]
        },
        "scale": [
            0.3803948234901238,
            0.001,
            0.7174832409384938
        ],
        "obj_file": "window2001.obj"
    },
    {
        "id": "window2002",
        "class": "window",
        "pose": {
            "position": [
                -0.26423854933225993,
                -0.5340244688151529,
                0.6913923481298349
            ],
            "rotation": [
                [
                    1.0,
                    -0.0,
                    0.0
                ],
                [
                    0.0,
                    1.0,
                    0.0
                ],
                [
                    0.0,
                    0.0,
                    1.0
                ]
            ]
        },
        "scale": [
            0.1680294823492834,
            0.001,
            0.3721823409482392
        ],
        "obj_file": "window2002.obj"
    },
    {
        "id": "window2003",
        "class": "window",
        "pose": {
            "position": [
                -0.4168761787562522,
                -0.04982916359797768,
                0.5209482398230498
            ],
            "rotation": [
                [
                    -0.00031372206097289736,
                    -0.999999950789233,
                    0.0
                ],
                [
                    0.999999950789233,
                    -0.00031372206097289736,
                    0.0
                ],
                [
                    0.0,
                    0.0,
                    1.0
                ]
            ]
        },
        "scale": [
            0.6320394823904824,
            0.001,
            0.8692348230482394
        ],
        "obj_file": "window2003.obj"
    }
]